-- phpMyAdmin SQL Dump
-- version 3.5.1
-- http://www.phpmyadmin.net
--
-- Host: localhost
-- Generation Time: Mar 14, 2020 at 12:32 PM
-- Server version: 5.5.24-log
-- PHP Version: 5.3.13

SET SQL_MODE="NO_AUTO_VALUE_ON_ZERO";
SET time_zone = "+00:00";


/*!40101 SET @OLD_CHARACTER_SET_CLIENT=@@CHARACTER_SET_CLIENT */;
/*!40101 SET @OLD_CHARACTER_SET_RESULTS=@@CHARACTER_SET_RESULTS */;
/*!40101 SET @OLD_COLLATION_CONNECTION=@@COLLATION_CONNECTION */;
/*!40101 SET NAMES utf8 */;

--
-- Database: `preregistration_db`
--

-- --------------------------------------------------------

--
-- Table structure for table `courses`
--

CREATE TABLE IF NOT EXISTS `courses` (
  `courseID` int(7) NOT NULL DEFAULT '0',
  `course_name_in_arabic` varchar(77) DEFAULT NULL,
  `course_name_in_english` varchar(50) DEFAULT NULL,
  `credit` int(1) DEFAULT NULL,
  PRIMARY KEY (`courseID`)
) ENGINE=InnoDB DEFAULT CHARSET=utf8;

--
-- Dumping data for table `courses`
--

INSERT INTO `courses` (`courseID`, `course_name_in_arabic`, `course_name_in_english`, `credit`) VALUES
(5102100, 'الحضارة الإنسانية', 'Human Civilization', 3),
(5110099, 'الإسلام وقضايا العصر', 'Islam and Current Issues', 3),
(5110100, 'أمهات الكتب', 'Great Books', 3),
(5110101, 'الحضارة العربية الإسلامية', 'Arab-Islamic Civilization', 3),
(5110102, 'الثقافة البدنية', 'Physical Fitness Culture', 3),
(5111099, 'أساسيات اللغة الإنجليزية', 'Basics of English', 3),
(5111100, 'الثقافة الإسلامية', 'Islamic Culture', 3),
(5111103, 'مهارات اللغة الإنجليزية', 'English Language Skills', 3),
(5122099, 'أساسيات اللغة العربية ', 'Basics of Arabic', 3),
(5122103, 'مهارات اللغة العربية', 'Arabic Languages Skills ', 3),
(5131103, 'مقدمة في الفلسفة والتفكير الناقد', 'Introduction to Philosophy and', 3),
(5141100, 'الثقافة القانونية', 'Legal Culture', 3),
(5142100, 'تذوق الفنون', 'Appreciation of Arts', 3),
(5151100, 'العلوم العسكرية', 'Military Science', 3),
(5152101, 'الثقافة الوطنية ', 'National Culture', 3),
(5161100, 'لغة أجنبية', 'Foreign Language', 3),
(5191002, 'مهارات التواصل', 'Communication Skills', 3),
(5191100, 'مهارات التعلم والبحث العلمي', 'Learning', 3),
(5210099, 'الريادة والإبداع', 'Entrepreneurship & Creativity', 3),
(5210100, 'التجارة الإلكترونية', 'Electronic Commerce ', 3),
(5310099, 'الأردن تاريخ وحضارة', 'Jordan: History and Civilization', 3),
(5310100, 'القدس', 'Jerusalem', 3),
(5310101, 'موضوع خاص ', 'Special Subject', 3),
(5400000, 'موافقة القسم وإنهاء 90 ساعة معتمدة', 'Department Approval and Complete (90) credit hours', 0),
(5401000, 'موافقة قسم أنظمة المعلومات الحاسوبية', 'CIS Department Approval', 0),
(5401101, 'التفاضل والتكامل (1)', 'Calculus (1)', 3),
(5401105, 'رياضيات منفصلة', 'Discrete Mathematics ', 3),
(5401106, 'الجبر الخطي', 'Linear Algebra', 3),
(5401131, 'مبادئ الإحصاء', 'Principles of Statistics', 3),
(5401201, 'مهارات حاسوبية للكليات العلمية', 'Computer Skills for Scientific Faculties', 3),
(5401204, 'منطق رقمي', 'Digital Logic', 3),
(5401211, 'برمجة الكائنات الموجهة (1)', 'Object Oriented Programming (1)', 3),
(5401215, 'برمجة متقدمة', 'Advanced Programming', 3),
(5401231, 'تراكيب البيانات', 'Data Structures', 3),
(5401303, 'البرمجة المرئية', 'Visual Programming', 3),
(5401312, 'برمجة الكائنات الموجهة (2)', 'Object Oriented Programming (2)', 3),
(5401321, 'نظم قواعد البيانات', 'Database Management Systems', 3),
(5401322, 'سرية وأمان المعلومات', 'Information Security and Privacy ', 3),
(5401341, 'نظرية الخوارزميات', 'Theory of Algorithms', 3),
(5401342, 'الذكاء الاصطناعي', 'Artificial Intelligence', 3),
(5401353, 'تفاعل الإنسان مع الحاسوب', 'Human Computer Interaction', 3),
(5401355, 'التعلم بمساعدة الحاسوب', 'Computer Assisted Learning', 3),
(5401361, 'شبكات الحاسوب (1)', 'Computer Networks (1)', 3),
(5401415, 'مستودعات البيانات والتنقيب عن البيانات', 'Data Warehousing and Data Mining', 3),
(5401442, 'التعلم الآلي', 'Machine Learning ', 3),
(5401445, 'معالجة اللغات الطبيعية', 'Natural Language Processing', 3),
(5401446, 'استرجاع المعلومات', 'Information Retrieval', 3),
(5401453, 'تطبيقات أنظمة المعلومات', 'Information Systems Applications', 3),
(5401455, 'معالجة الصور', 'Image Processing ', 3),
(5401457, 'لغات قواعد البيانات وأدواتها', 'Database Languages and Tools', 3),
(5401462, 'أمن الشبكات', 'Network Security', 3),
(5401471, 'تحليل وتصميم النظم', 'Systems Analysis and Design ', 3),
(5401472, 'هندسة البرمجيات', 'Software Engineering', 3),
(5401473, 'نظم التشغيل', 'Operating Systems', 3),
(5401485, 'موضوعات خاصة في أنظمة المعلومات الحاسوبية', 'Special Topics (CIS)', 3),
(5402000, 'موافقة قسم تكنولوجيا معلومات الأعمال', 'BIT Department Approval', 0),
(5402101, 'أساسيات تكنولوجيا المعلومات', 'Fundamentals of IT', 3),
(5402121, 'تطوير تطبيقات الويب (1)', 'Web Applications Development (1)', 3),
(5402203, 'التوثيق و أخلاقيات الحاسوب', 'Documentation and Ethics', 3),
(5402232, 'أنظمة المعلومات الإدارية', 'Management Information Systems', 3),
(5402244, 'بحوث عمليات', 'Operations Research', 3),
(5402313, 'برمجة تطبيقات الهواتف الذكية', 'Smartphones Applications Programming', 3),
(5402332, 'أنظمة دعم القرار', 'Decision Support Systems ', 3),
(5402335, 'إدارة مصادر المعلومات', 'Information Resources Management', 3),
(5402351, 'الوسائط المتعددة', 'Multimedia', 3),
(5402352, 'النشر على الإنترنت', 'Web Publishing', 3),
(5402353, 'تطوير تطبيقات الويب (2)', 'Web Applications Development (2)', 3),
(5402354, 'الأعمال الإلكترونية', 'e-Business', 3),
(5402422, 'ادارة المشاريع والجودة ', 'Project and Quality Management', 3),
(5402452, 'تخطيط موارد المؤسسات', 'Enterprise Resources Planning', 3),
(5402454, 'نظم إدارة المحتوى', 'Content Management Systems', 3),
(5402455, 'نظم إدارة المعرفة', 'Knowledge Management System', 3),
(5402473, 'ذكاء الأعمال', 'Business Intelligence', 3),
(5402485, 'موضوعات خاصة في تكنولوجيا معلومات الأعمال', 'Special Topics (BIT)', 3),
(5402496, 'مشروع التخرج', 'Graduation Project', 3),
(5402498, 'التدريب', 'Training', 3),
(5410099, 'وسائل التواصل الاجتماعي', 'Social Media', 3),
(5411099, 'أساسيات الحاسوب', 'Basics of Computing ', 3),
(5510099, 'الثقافة البيئية', 'Environmental Culture', 3),
(5510100, 'الثقافة الصحية', 'Health Culture', 3);

-- --------------------------------------------------------

--
-- Table structure for table `course_type`
--

CREATE TABLE IF NOT EXISTS `course_type` (
  `typeID` int(11) NOT NULL,
  `type_name` varchar(50) NOT NULL,
  PRIMARY KEY (`typeID`)
) ENGINE=InnoDB DEFAULT CHARSET=utf8;

--
-- Dumping data for table `course_type`
--

INSERT INTO `course_type` (`typeID`, `type_name`) VALUES
(10, 'متطلب جامعة عام'),
(20, 'متطلب جامعة إجباري'),
(30, 'متطلب جامعة إختياري'),
(31, 'متطلب جامعة إختياري'),
(32, 'متطلب جامعة إختياري'),
(40, 'متطلب كلية'),
(41, 'متطلب تخصص إجباري'),
(42, 'متطلب تخصص إختياري');

-- --------------------------------------------------------

--
-- Table structure for table `departments`
--

CREATE TABLE IF NOT EXISTS `departments` (
  `deptno` int(4) NOT NULL DEFAULT '0',
  `dept_name_in_arabic` varchar(67) DEFAULT NULL,
  `dept_name_in_english` varchar(59) DEFAULT NULL,
  `schoolID` int(2) DEFAULT NULL,
  PRIMARY KEY (`deptno`)
) ENGINE=InnoDB DEFAULT CHARSET=utf8;

--
-- Dumping data for table `departments`
--

INSERT INTO `departments` (`deptno`, `dept_name_in_arabic`, `dept_name_in_english`, `schoolID`) VALUES
(5000, 'كل الاقسام', 'All Departments', 50),
(5400, 'اقسام كلية نظم وتكنولوجيا المعلومات ', 'Departments in School of Information Technology and Systems', 54),
(5401, 'قسم أنظمة المعلومات الحاسوبية', 'Computer Information Systems', 54),
(5402, 'قسم تكنولوجيا معلومات الأعمال', 'Business Information Technology', 54);

-- --------------------------------------------------------

--
-- Table structure for table `programs`
--

CREATE TABLE IF NOT EXISTS `programs` (
  `programID` int(4) NOT NULL DEFAULT '0',
  `program_name_in_arabic` varchar(72) DEFAULT NULL,
  `program_name_in_english` varchar(56) DEFAULT NULL,
  `deptno` int(4) DEFAULT NULL,
  PRIMARY KEY (`programID`)
) ENGINE=InnoDB DEFAULT CHARSET=utf8;

--
-- Dumping data for table `programs`
--

INSERT INTO `programs` (`programID`, `program_name_in_arabic`, `program_name_in_english`, `deptno`) VALUES
(5000, 'جميع البرامج', 'All Programs', 5000),
(5400, 'برامج كلية نظم وتكنولوجيا المعلومات', 'Programs in School of Information Technology and Systems', 5400),
(5401, 'بكالوريوس في أنظمة المعلومات الحاسوبية', 'Computer Information Systems', 5401),
(5402, 'بكالوريوس في تكنولوجيا معلومات الأعمال', 'Business Information Technology', 5402);

-- --------------------------------------------------------

--
-- Table structure for table `register`
--

CREATE TABLE IF NOT EXISTS `register` (
  `studentID` int(11) NOT NULL,
  `courseID` int(11) NOT NULL,
  `credit` int(11) NOT NULL,
  `grade` varchar(10) NOT NULL,
  PRIMARY KEY (`studentID`,`courseID`)
) ENGINE=InnoDB DEFAULT CHARSET=utf8;

--
-- Dumping data for table `register`
--

INSERT INTO `register` (`studentID`, `courseID`, `credit`, `grade`) VALUES
(3160205, 5101100, 3, 'ب-'),
(3160205, 5111104, 3, 'ب'),
(3160205, 5112100, 3, 'أ-'),
(3160205, 5152100, 3, 'ج+'),
(3160205, 5201101, 3, 'ج+'),
(3160205, 5202101, 3, 'ج-'),
(3160205, 5202211, 3, 'ج-'),
(3160205, 5301100, 3, 'أ-'),
(3160205, 5313100, 3, 'أ-'),
(3160205, 5401101, 3, 'ب'),
(3160205, 5401131, 3, 'ب+'),
(3160205, 5401201, 3, 'ب-'),
(3160205, 5401231, 3, 'أ-'),
(3160205, 5401341, 3, 'ب+'),
(3160205, 5401361, 3, 'ب'),
(3160205, 5401473, 3, 'ب+'),
(3160205, 5402101, 3, 'ب'),
(3160205, 5402121, 3, 'ب+'),
(3160205, 5402201, 3, 'ج+'),
(3160205, 5402211, 3, 'ج+'),
(3160205, 5402232, 3, 'ب'),
(3160205, 5402234, 3, 'أ'),
(3160205, 5402252, 3, 'ب'),
(3160205, 5402321, 3, 'ج+'),
(3160205, 5402322, 3, 'أ'),
(3160205, 5402351, 3, 'ب'),
(3160205, 5402352, 3, 'ب+'),
(3160205, 5402353, 3, 'أ-'),
(3160205, 5402356, 3, 'أ'),
(3160205, 5402471, 3, 'أ-'),
(3160205, 5402475, 3, 'أ');

-- --------------------------------------------------------

--
-- Table structure for table `schools`
--

CREATE TABLE IF NOT EXISTS `schools` (
  `schoolID` int(2) NOT NULL DEFAULT '0',
  `school_name_in_arbic` varchar(55) DEFAULT NULL,
  `school_name_in_english` varchar(44) DEFAULT NULL,
  PRIMARY KEY (`schoolID`)
) ENGINE=InnoDB DEFAULT CHARSET=utf8;

--
-- Dumping data for table `schools`
--

INSERT INTO `schools` (`schoolID`, `school_name_in_arbic`, `school_name_in_english`) VALUES
(54, 'كلية نظم وتكنولوجيا المعلومات', 'School of Information Technology and Systems');

-- --------------------------------------------------------

--
-- Table structure for table `students`
--

CREATE TABLE IF NOT EXISTS `students` (
  `studentID` int(11) NOT NULL,
  `name` varchar(50) CHARACTER SET utf8 COLLATE utf8_unicode_ci NOT NULL,
  `deptno` int(11) NOT NULL,
  PRIMARY KEY (`studentID`)
) ENGINE=InnoDB DEFAULT CHARSET=utf8;

--
-- Dumping data for table `students`
--

INSERT INTO `students` (`studentID`, `name`, `deptno`) VALUES
(3140173, 'مريم رمضان إبراهيم الرياطي', 1),
(3150278, 'هاشم فيصل صالح الزازا', 1),
(3150387, 'رغد يوسف عيسى الشوبكي', 1),
(3150426, 'كمال حسين /محمد طاهر/ابراهيم', 1),
(3150470, 'شهد سامي محمد ابو زر', 1),
(3150479, 'هديل اياد احمد القاضي', 1),
(3160008, 'كيم رامز ناصر بشارات', 1),
(3160039, 'انس محمود رمضان نصار', 1),
(3160047, 'عبد الرحمن سهيل صبحي عاليه', 1),
(3160049, 'هيثم محمد سعد الترابين', 1),
(3160054, 'ختام عوده حسين القدمان', 1),
(3160062, 'سمر احمد تركي الخميس', 1),
(3160063, 'رقيه عبد الوهاب ابراهيم الخضري', 1),
(3160121, 'شيماء فوزي جمعة أبو عبد الله', 1),
(3160135, 'شذى وائل يعقوب عماري', 1),
(3160205, 'آيه ابراهيم حسن العوده', 1),
(3160234, 'بشار فراس عبد الفتاح الرواشده', 1),
(3160242, 'غفران سالم سويلم النجادات', 1),
(3160252, 'معاذ حسين حامد حمد', 1),
(3160260, 'زيد بلال علي ابو رخيه', 1),
(3160263, 'وسيم محمد حسن الخطيب', 1),
(3160270, 'ربى ابراهيم عطاالله الخصبه', 1),
(3160275, 'دينا عبد الله رزق العشوش', 1),
(3160276, 'عبد الرؤوف عماد الدين رؤوف القطناني', 1),
(3160307, 'عامر امجد اسعد النابلسي', 1),
(3160316, 'محمد بسام شكري الرحاحلة', 1),
(3160342, 'طه اسماعيل محمد الشويكي', 1),
(3170143, 'يوسف عدنان عبد المعطي ابو عفش', 1),
(3170161, 'احمد طالب موسى ابو مراد', 1),
(3170192, 'احمد محمد حسن عبد الرحمن البظم', 1),
(3170201, 'احمد خالد رضوان علي', 1),
(3170217, 'مقداد احمد عبد الله خضيرات', 1),
(3170218, 'احمد عماد محمد الاحمد', 1),
(3170221, 'براء احمد مرعي نصار', 1),
(3170235, 'خالد وليد صلاح خليل', 1),
(3170266, 'قاسم منير قاسم المومني', 1),
(3170289, 'بهاء الدين مقداد بشير النوباني', 1),
(3170349, 'زيد عبد الرحمن عيد سعد', 1),
(3170359, 'ملك وهيب امين الزبده', 1),
(3170393, 'غفران طارق غازي العودات', 1),
(3170394, 'رحمه جهاد علي المومني', 1),
(3170413, 'ليث فراس عزت عبد الدايم', 1),
(3170428, 'احمد مصطفى احمد القريوتي', 1),
(3170438, 'ثائر عارف محمود عباسي', 1),
(3170443, 'طارق زياد اديب الماضي', 1),
(3170449, 'حمزة عايد بشير المحتسب', 1),
(3170454, 'بهاء مصطفى محمد الصمادي', 1),
(3170476, 'فارس ناصر محمود ابو الهيجاء', 1),
(3170508, 'صهيب حسام علي عبد الله', 1),
(3170519, 'محمد عبد الله محمد ياسين', 1),
(3170535, 'احمد ايوب حامد ملكاوي', 1),
(3170539, 'ليث نظير محمد جبر', 1),
(3170542, 'عبد الرحمن سليمان محمد الغريب', 1),
(3170554, 'انوار ثائر مصطفى بدير', 1),
(3170566, 'الامين محمد علي الخليفات', 1),
(3170595, 'مهند نادر محمد نايف زاهده', 1),
(3170599, 'ربيع مهند احمد القضاه', 1),
(3170624, 'زينه باسل محمود سقف الحيط', 1),
(3170628, 'قصي عبد الناصر محمد ابو ريان', 1),
(3170634, 'رامي أحمد عبد العزيز الغبابشة', 1),
(3180002, 'لارا عماد ابراهيم فندي', 1),
(3180030, 'فيصل محمد ذيب الحسين', 1),
(3180078, 'نور بسام راضي عوده', 1),
(3180098, 'يوسف شريف يوسف سيداحمد', 1),
(3180202, 'احمد عاطف حسن الرياطي', 1),
(3180253, 'مالك باسل حلمي ابوعليان', 1),
(3180301, 'عاصم خليل عصام العكلوك', 1),
(3180370, 'خالد وائل رباح الخطيب', 1),
(3180394, 'امجد عيسى محمد سعيد طوالبه', 1),
(3180422, 'احمد نادر عباس زيتون', 1),
(3180446, 'براءه مأمون منصور بسيوني', 1),
(3190011, 'علي نائل علي عليان', 1),
(3190026, 'امل محمد ذيب الحسين', 1),
(3190037, 'محمد ليث محمد عكور', 1),
(3190044, 'رولا عمر عبد الغني الخليلي', 1),
(3190054, 'خلود ايمن واصف الجهني', 1),
(3190086, 'محمد محمود محمد الرياطي', 1),
(3190096, 'عبد الرحمن هاني عبد الله الهور', 1),
(3190101, 'عبد الله حسن يوسف النابلسي', 1),
(3190102, 'صبا عبد الله حمدي عابدين', 1),
(3190195, 'يزن موسى محمد الهودي', 1),
(3190265, 'عبد الرحمن زهير محمود قرقش', 1),
(3190304, 'عبد الله عبد العزيز عيد سنيف', 1),
(3190314, 'احمد ماهر صبرى غيث', 1),
(3190395, 'محمد عبد الله مرزوق ياسين', 1),
(3190403, 'عماد ياسر توفيق ابوهاني', 1),
(3190483, 'احمد رياض عبد الله عبيدات', 1),
(3190510, 'حمزة عبد العفو شحادة الشويكي', 1),
(3190522, 'عبد العزيز جهاد مراد النزال', 1),
(3190523, 'منال يوسف راغب يوسف', 1),
(3190529, 'رامز فارس فرح الكرادشة', 1);

-- --------------------------------------------------------

--
-- Table structure for table `study_plan`
--

CREATE TABLE IF NOT EXISTS `study_plan` (
  `courseID` int(7) NOT NULL DEFAULT '0',
  `programID` int(4) NOT NULL DEFAULT '0',
  `course_type` int(2) NOT NULL DEFAULT '0',
  `study_plan_year` int(4) NOT NULL DEFAULT '0',
  PRIMARY KEY (`courseID`,`programID`,`course_type`,`study_plan_year`)
) ENGINE=InnoDB DEFAULT CHARSET=utf8;

--
-- Dumping data for table `study_plan`
--

INSERT INTO `study_plan` (`courseID`, `programID`, `course_type`, `study_plan_year`) VALUES
(5102100, 5000, 20, 2020),
(5110099, 5000, 30, 2020),
(5110100, 5000, 30, 2020),
(5110101, 5000, 30, 2020),
(5110102, 5000, 31, 2020),
(5111099, 5000, 10, 2020),
(5111100, 5000, 31, 2020),
(5111103, 5000, 10, 2020),
(5122099, 5000, 10, 2020),
(5122103, 5000, 10, 2020),
(5131103, 5000, 20, 2020),
(5141100, 5000, 31, 2020),
(5142100, 5000, 32, 2020),
(5151100, 5000, 20, 2020),
(5152101, 5000, 20, 2020),
(5161100, 5000, 32, 2020),
(5191002, 5000, 20, 2020),
(5191100, 5000, 20, 2020),
(5210099, 5000, 32, 2020),
(5210100, 5000, 32, 2020),
(5310099, 5000, 30, 2020),
(5310100, 5000, 30, 2020),
(5310101, 5000, 32, 2020),
(5401101, 5400, 40, 2020),
(5401105, 5400, 40, 2020),
(5401106, 5401, 41, 2020),
(5401106, 5402, 41, 2020),
(5401131, 5401, 41, 2020),
(5401131, 5402, 41, 2020),
(5401201, 5400, 40, 2020),
(5401204, 5401, 41, 2020),
(5401204, 5402, 41, 2020),
(5401211, 5401, 41, 2020),
(5401211, 5402, 41, 2020),
(5401215, 5400, 40, 2020),
(5401231, 5400, 40, 2020),
(5401303, 5401, 41, 2020),
(5401303, 5402, 42, 2020),
(5401312, 5401, 42, 2020),
(5401312, 5402, 42, 2020),
(5401321, 5400, 40, 2020),
(5401322, 5401, 41, 2020),
(5401322, 5402, 41, 2020),
(5401341, 5401, 41, 2020),
(5401341, 5402, 41, 2020),
(5401342, 5401, 41, 2020),
(5401342, 5402, 41, 2020),
(5401353, 5401, 41, 2020),
(5401353, 5402, 42, 2020),
(5401355, 5401, 42, 2020),
(5401355, 5402, 42, 2020),
(5401361, 5401, 41, 2020),
(5401361, 5402, 41, 2020),
(5401415, 5401, 41, 2020),
(5401415, 5402, 41, 2020),
(5401442, 5401, 42, 2020),
(5401442, 5402, 42, 2020),
(5401445, 5401, 42, 2020),
(5401445, 5402, 42, 2020),
(5401446, 5401, 41, 2020),
(5401446, 5402, 42, 2020),
(5401453, 5401, 41, 2020),
(5401453, 5402, 42, 2020),
(5401455, 5401, 42, 2020),
(5401455, 5402, 42, 2020),
(5401457, 5401, 41, 2020),
(5401457, 5402, 42, 2020),
(5401462, 5401, 41, 2020),
(5401462, 5402, 42, 2020),
(5401471, 5401, 41, 2020),
(5401471, 5402, 41, 2020),
(5401472, 5401, 41, 2020),
(5401472, 5402, 41, 2020),
(5401473, 5401, 41, 2020),
(5401473, 5402, 42, 2020),
(5401485, 5401, 42, 2020),
(5402101, 5400, 40, 2020),
(5402121, 5400, 40, 2020),
(5402203, 5401, 41, 2020),
(5402203, 5402, 41, 2020),
(5402232, 5401, 41, 2020),
(5402232, 5402, 41, 2020),
(5402244, 5401, 42, 2020),
(5402244, 5402, 42, 2020),
(5402313, 5401, 42, 2020),
(5402313, 5402, 42, 2020),
(5402332, 5401, 42, 2020),
(5402332, 5402, 41, 2020),
(5402335, 5401, 42, 2020),
(5402335, 5402, 41, 2020),
(5402351, 5401, 42, 2020),
(5402351, 5402, 42, 2020),
(5402352, 5401, 41, 2020),
(5402352, 5402, 41, 2020),
(5402353, 5401, 41, 2020),
(5402353, 5402, 41, 2020),
(5402354, 5401, 42, 2020),
(5402354, 5402, 41, 2020),
(5402422, 5401, 42, 2020),
(5402422, 5402, 41, 2020),
(5402452, 5401, 42, 2020),
(5402452, 5402, 41, 2020),
(5402454, 5401, 42, 2020),
(5402454, 5402, 42, 2020),
(5402455, 5401, 42, 2020),
(5402455, 5402, 41, 2020),
(5402473, 5401, 42, 2020),
(5402473, 5402, 41, 2020),
(5402485, 5402, 42, 2020),
(5402496, 5401, 41, 2020),
(5402496, 5402, 41, 2020),
(5402498, 5401, 41, 2020),
(5402498, 5402, 41, 2020),
(5410099, 5000, 32, 2020),
(5411099, 5000, 10, 2020),
(5510099, 5000, 31, 2020),
(5510100, 5000, 31, 2020);

/*!40101 SET CHARACTER_SET_CLIENT=@OLD_CHARACTER_SET_CLIENT */;
/*!40101 SET CHARACTER_SET_RESULTS=@OLD_CHARACTER_SET_RESULTS */;
/*!40101 SET COLLATION_CONNECTION=@OLD_COLLATION_CONNECTION */;
